,0,1,2,3,4,5,6,7,8,9
t10,-0.3257887,0.7033885,-3.417238,21.594152,10.968144,-3.193247,-3.3697069,-7.224599,43.88246,-3.1458838
t11,-0.27806172,0.8991943,-3.6947556,22.741482,10.996493,-3.1470234,-3.4586518,-7.281953,44.405296,-3.1571465
t4,-0.41733417,7.846354,-1.3123287,11.844982,-0.083405845,-0.952864,2.9732785,-0.4172898,1.1386406,-1.1505795
t5,-0.34132165,9.099469,-1.2465938,13.228871,-0.08996315,-1.1037178,3.17753,-0.527878,0.8825908,-1.2643337
t50,-0.79472446,11.950033,-1.554335,17.282753,-0.16090456,-1.1279893,4.850216,-0.033413168,-0.17902465,-1.5776222
t51,-0.79226536,11.96099,-1.5690675,17.317558,-0.15128694,-1.1458453,4.8604627,-0.043169577,-0.17389672,-1.5772306
t46,-0.7969769,11.934806,-1.5448084,17.198725,-0.16757108,-1.127486,4.8162336,-0.03874102,-0.15941647,-1.5679057
t66,-0.8033805,11.757915,-1.5448605,17.277554,-0.14436582,-1.1427559,4.861611,-0.014340535,-0.16718796,-1.5557057
t67,-0.8014229,11.816869,-1.551207,17.280857,-0.15471864,-1.1344894,4.8444657,-0.020369992,-0.17030159,-1.567076
t3,2.2919798,5.2339473,-0.7987434,1.1944485,-0.2968481,-1.0068078,0.1991587,-1.054822,3.404097,-0.71798676
t60,2.7527797,6.083318,-0.84229565,1.7818356,-0.3297348,-0.62665266,-0.08488061,-1.2912644,3.0217824,-0.74810857
t61,2.7904744,6.0605426,-0.8553821,1.7809166,-0.34074455,-0.60186255,-0.07967584,-1.2930809,2.8953562,-0.7604986
t36,5.67201,12.620859,-1.0843217,0.29953504,-0.31808552,-0.9917326,0.006947793,-1.7777923,2.1207457,-0.75668097
t37,5.8451414,12.582534,-1.0844407,0.16717218,-0.27932122,-0.94977534,-0.031498108,-1.7543215,1.8758864,-0.688628
t14,5.8887806,12.593041,-1.0829362,0.64146554,-0.43422103,-0.95399725,-0.11045754,-1.8674805,2.1179385,-0.9185816
t29,5.8831,13.357166,-1.0844167,-0.0012927599,-0.42368135,-1.0177598,-0.1526951,-1.8349816,2.1544337,-0.88681805
t55,6.3204603,13.607182,-1.075024,-0.09921794,-0.40412474,-1.0155993,-0.17739622,-1.8648051,2.1582713,-0.86198014
t64,6.2824035,13.64375,-1.0796278,-0.08591695,-0.41852823,-1.030801,-0.17950243,-1.8461558,2.1147876,-0.8635718
t65,6.3994718,13.655353,-1.0802194,-0.10786047,-0.41520023,-1.0346693,-0.17831591,-1.8673563,2.1136017,-0.87652296
t45,6.3505282,13.605808,-1.0775088,-0.11578665,-0.40888315,-1.0303677,-0.1714633,-1.8808184,2.2700021,-0.8729559
t2,5.1548443,11.259133,-1.022643,0.65608513,-0.3965454,-0.9225403,-0.026805831,-1.8295975,2.489121,-0.8559305
t24,10.2829075,18.429707,-1.1375252,-0.7941645,-0.040309064,-0.45004913,-0.28397042,-2.7234797,-0.032577988,-0.83752316
t25,10.008984,18.357162,-1.1122822,-0.82083815,-0.06749155,-0.3666801,-0.3336643,-2.746885,0.062298506,-0.89273375
t21,10.477381,19.476051,-1.0511801,-0.846862,-0.056886762,-0.41365057,-0.3190259,-2.9285686,-0.025035447,-0.9358203
t22,10.392776,19.016026,-1.0383174,-0.78181547,-0.029875902,-0.3741647,-0.331699,-2.8562658,-0.04388095,-0.8802889
t16,10.774161,19.723625,-1.0286533,-0.7762061,-0.030839223,-0.43365407,-0.2935749,-2.8782265,-0.073390625,-0.87118405
t86,10.916527,20.395727,-1.0923723,-0.7682986,-0.004113048,-0.36484838,-0.28359795,-3.0019865,-0.03984471,-0.924915
t87,10.921774,20.388042,-1.0959353,-0.77674353,-0.005319578,-0.36802986,-0.2839403,-2.999698,-0.032747973,-0.9225747
t28,11.10013,20.245865,-1.0928259,-0.86277026,-0.019984504,-0.36790204,-0.3019656,-2.9500456,-0.049610443,-0.92322963
t48,11.106875,20.332891,-1.1006479,-0.875527,-0.030122695,-0.36118713,-0.30651987,-2.9363668,-0.05739358,-0.9348219
t49,11.10922,20.372072,-1.1185633,-0.89957875,-0.03604383,-0.3793016,-0.30915892,-2.951816,-0.05387711,-0.95786524
t26,10.995451,19.500294,-1.1424158,-0.8104655,0.017984655,-0.38762775,-0.30470046,-2.9248972,0.018020898,-0.8612567
t27,11.057552,19.856567,-1.18833,-0.7657728,-0.0015863859,-0.40378666,-0.3011621,-2.9399097,-8.18342e-05,-0.8446935
t13,9.230949,16.936321,-1.087397,-0.379551,-0.07506612,-0.5099419,-0.18355419,-2.5348947,0.2471863,-0.7980262
t71,9.526959,17.675241,-1.0319006,-0.49027082,-0.078122,-0.47990426,-0.25934824,-2.6098871,-0.033940013,-0.91250485
t72,9.5339,17.65149,-1.0243477,-0.5080914,-0.075885415,-0.49471885,-0.25632545,-2.593559,-0.03196151,-0.8972532
t8,-0.79018295,-0.8062358,-0.4399446,0.886662,3.6566634,-0.011600546,-0.36960003,2.03924,-0.08713735,1.8484071
t58,-0.61287206,-0.7897536,-0.39818308,1.0605624,2.8817575,-0.08428435,-0.34898153,1.754568,-0.0021099567,1.7138422
t59,-0.6220334,-0.795852,-0.38907704,1.0009183,2.8189933,-0.085144736,-0.3487024,1.7133067,0.016576901,1.6617848
t81,-1.1002508,-0.66519666,-1.4559036,0.6837342,10.070145,-0.034032267,-1.1579427,6.8321743,-0.34520584,7.492547
t82,-1.094678,-0.6621068,-1.463943,0.71675,10.085557,-0.04361945,-1.1519209,6.8534217,-0.3410549,7.4931893
t12,-1.1877099,-0.6914732,-1.6674508,0.46005172,11.864749,-0.16250995,-1.392801,8.574079,-0.37563908,9.014598
t85,-1.4058242,-0.71897954,-2.1428113,0.069489956,14.873938,-0.17441678,-1.7265536,11.611517,-0.52308285,11.658688
t91,-1.4148096,-0.7204537,-2.1551054,0.056743402,14.934612,-0.16879018,-1.7312485,11.668842,-0.5262186,11.702269
t92,-1.4173172,-0.72161114,-2.1607354,0.06951928,14.957538,-0.16959725,-1.734127,11.677609,-0.5231833,11.707484
t68,-1.4174163,-0.71225905,-2.1330335,0.11487116,14.820351,-0.15428671,-1.7237288,11.52866,-0.52188903,11.605223
t35,-1.3639396,-0.6985142,-2.0767262,0.2315169,14.329487,-0.15685242,-1.6551676,11.133706,-0.50131875,11.206987
t20,-1.3525846,-0.6802748,-1.9772624,0.22454602,13.663797,-0.09263628,-1.536537,10.575509,-0.48670268,10.408972
t88,-1.416655,-0.74896634,-1.9942425,0.29253137,13.986834,-0.087962575,-1.5914272,10.767535,-0.4601721,10.5291
t89,-1.4145654,-0.7503617,-1.990827,0.2774747,13.962371,-0.08514703,-1.5863034,10.7560425,-0.4615016,10.498929
t79,-0.7462637,-1.0005691,-0.74872833,0.70934105,1.5492443,2.0109634,-0.1090196,0.7548537,1.0210274,-0.34056553
t80,-0.7468828,-1.0118841,-0.74838585,0.7228285,1.5340655,2.0209167,-0.096746854,0.7371998,0.97623503,-0.3478211
t38,-0.7020583,-1.0102789,-0.76400596,0.7346429,1.5021089,2.0785792,-0.09987709,0.46570542,1.1026505,-0.3562613
t9,-2.1211698,-1.1356199,-2.2117906,-0.4013482,4.569341,11.755607,-0.4357848,4.5058336,-0.3538007,-0.34187973
t43,-2.2446158,-1.1473478,-2.3350549,-0.43044135,4.5717225,12.375819,-0.4579668,4.9789834,-0.35555443,-0.36391726
t44,-2.216806,-1.173961,-2.286635,-0.43396065,4.636882,12.21158,-0.4566369,4.8650465,-0.376563,-0.3491191
t75,-2.6166735,-1.3014817,-2.6209311,-0.634983,5.2268925,14.519402,-0.47571856,5.8678074,-0.45762452,-0.48008275
t76,-2.609241,-1.2962239,-2.6279893,-0.63087577,5.2203813,14.525213,-0.48374057,5.887336,-0.44838125,-0.47567612
t33,-2.6213238,-1.2952455,-2.5613418,-0.63917434,5.375355,14.279727,-0.47758707,5.9977517,-0.49769592,-0.4276708
t34,-2.5367427,-1.2185766,-2.5404434,-0.64512485,5.003261,14.01878,-0.47735238,5.858767,-0.47513705,-0.42638835
t52,-2.57444,-1.2418178,-2.5577447,-0.6691776,4.939855,14.23071,-0.45931026,5.8840256,-0.4717911,-0.46167904
t53,-2.5642083,-1.2549996,-2.573109,-0.64766306,4.931559,14.2535305,-0.45414242,5.8985047,-0.47168747,-0.46211287
t41,-2.7157423,-1.3062872,-2.712226,-0.6388112,5.495168,15.119476,-0.47639933,6.126622,-0.41246256,-0.508712
t42,-2.7170389,-1.3056328,-2.724321,-0.65014446,5.454513,15.175425,-0.48015282,6.0900006,-0.42211008,-0.51086736
t56,-2.73378,-1.3291458,-2.7494311,-0.6317124,5.4929457,15.328272,-0.48716003,6.194604,-0.40806708,-0.515153
t99,-2.7787428,-1.34567,-2.766159,-0.6713281,5.726923,15.562695,-0.4938316,6.2710786,-0.44081455,-0.5158259
t100,-2.7787156,-1.345546,-2.766425,-0.6713299,5.727132,15.563591,-0.49397007,6.2714787,-0.4406584,-0.51571995
t98,-2.7779896,-1.3459042,-2.7656028,-0.671291,5.725821,15.560559,-0.49363348,6.2679176,-0.4409564,-0.5157741
t23,-2.5838332,-1.3194066,-2.565588,-0.6060281,5.251286,14.414492,-0.44097763,5.70233,-0.4527184,-0.4712344
t83,-2.7143364,-1.2984039,-2.6147473,-0.67136884,5.3338065,14.878533,-0.476032,6.174151,-0.45843053,-0.48197976
t84,-2.7193215,-1.2949828,-2.6215837,-0.6634781,5.304288,14.88168,-0.4754591,6.2165327,-0.454849,-0.48405686
t57,-2.6815555,-1.310752,-2.6009717,-0.6504861,5.352737,14.6992655,-0.47531414,6.109902,-0.44755602,-0.4742241
t7,-0.56575835,-1.0026544,14.96975,-1.0713032,3.6012197,0.91835964,0.66315264,-1.2125125,-0.17020822,-0.72687113
t93,-0.7408731,-1.26935,19.326542,-1.3824545,4.64858,1.472134,0.73614925,-1.4274515,-0.39134288,-0.88435143
t94,-0.74136,-1.2712344,19.342438,-1.3831766,4.6592765,1.4656005,0.72969985,-1.4287093,-0.38991207,-0.8841943
t95,-0.74005425,-1.2692697,19.334343,-1.3831187,4.654143,1.4648963,0.7301282,-1.4279355,-0.3896569,-0.883573
t90,-0.739537,-1.2706085,19.286451,-1.3801001,4.6388426,1.4602197,0.7399598,-1.4239274,-0.39333406,-0.88132584
t73,-0.73669356,-1.2740785,18.88826,-1.4044336,4.5363526,1.4711744,0.7973374,-1.4287026,-0.37079808,-0.883578
t74,-0.7341303,-1.2684997,18.904444,-1.4025573,4.542427,1.4883783,0.8056049,-1.4287709,-0.37477204,-0.8851127
t77,-0.72702795,-1.2153549,18.20169,-1.3326848,4.211838,1.297326,0.87181044,-1.3508328,-0.29843864,-0.8506961
t78,-0.7309049,-1.2239515,18.334253,-1.3440367,4.260484,1.277005,0.8705153,-1.3597689,-0.30435324,-0.8506245
t19,-0.6856997,-1.1937016,17.706255,-1.2984945,4.1797957,1.1541768,0.79870075,-1.3477558,-0.31644413,-0.8173384
t69,-0.70223975,-1.137863,18.309162,-1.2986634,4.2328496,1.3643013,0.74712247,-1.3286685,-0.28576297,-0.83637995
t70,-0.70198697,-1.1313082,18.328154,-1.2965881,4.221172,1.3405329,0.72937566,-1.3333042,-0.27488554,-0.838546
t15,-0.6585876,-1.1401676,16.316782,-1.2225326,3.9505718,1.0022885,0.8142865,-1.305708,-0.27015096,-0.7797143
t54,-0.66635877,-1.1496254,17.193232,-1.3546329,4.223254,1.1368642,0.8515045,-1.4105613,-0.15784512,-0.8347247
t62,-0.6662428,-1.1510247,17.29523,-1.3550346,4.29089,1.0710586,0.7794322,-1.4303817,-0.14622216,-0.8350956
t63,-0.667066,-1.1599725,17.235624,-1.3574809,4.2656393,1.1010846,0.8158009,-1.4304935,-0.15374969,-0.84062594
t47,-0.66693574,-1.1495842,17.209574,-1.3664382,4.316642,1.1383381,0.8485477,-1.4221076,-0.16741383,-0.83255273
t18,-0.6502496,-1.0890548,16.960989,-1.2856896,4.0827603,1.0481045,0.7975379,-1.3764147,-0.19648395,-0.83292735
t17,-0.67241806,-1.1611143,16.639496,-1.2659458,4.033087,0.92969376,0.89096487,-1.3895564,-0.20340912,-0.84373486
t1,-0.47976828,-0.7662424,10.960543,-0.82016176,2.5883665,0.37578183,0.59438807,-0.9822127,0.2983552,-0.60115814
t31,-0.5303167,-1.0161299,10.429563,-0.867424,2.5326014,0.32607955,0.3695512,-1.0678586,0.4022666,-0.6414911
t32,-0.55325216,-1.0471929,10.613196,-0.9131762,2.4878035,0.49086848,0.43977785,-1.1110333,0.43235567,-0.68976164
t30,-0.5699007,-1.0108948,10.903084,-0.9447139,2.5946648,0.5674375,0.434559,-1.0967802,0.3125727,-0.67907476
t6,-0.5123093,-0.97408074,9.8510065,-0.77553165,2.3604324,0.31575233,0.28276578,-0.9533054,0.76618624,-0.6097995
t96,-0.43500906,-1.0473943,8.622825,-0.72717863,1.7473308,-0.12842561,0.56279474,-0.9287567,-0.08709317,-0.5393561
t97,-0.43448177,-1.0490196,8.606837,-0.7269342,1.7454354,-0.13037662,0.56117654,-0.9306287,-0.08475559,-0.5399069
t39,-0.43924126,-1.1029971,8.435527,-0.7462743,1.8226951,-0.124263905,0.42553088,-0.99327546,-0.007889097,-0.5705738
t40,-0.42756978,-1.1022158,8.36556,-0.7231328,1.8523278,-0.12183424,0.3529688,-0.9640811,-0.023190534,-0.5404113
